,අ,ආ,ඇ,ඈ,ඉ,ඊ,උ,ඌ,ඍ,ඎ,ඏ,ඐ,එ,ඒ,ඓ  ,ඔ,ඕ,ඖ,අං,අඃ,ආං,ආඃ,ඇං,ඇඃ,ඈං,ඈඃ,ඉං,ඉඃ,ඊං,ඊඃ,උං,උඃ,ඌං,ඌඃ,ඍං,ඍඃ,ඏං,ඏඃ,එං,එඃ,ඒං,ඒඃ,ඓං,ඓඃ,ඔං,ඔඃ,ඕං,ඕඃ,ඖං,ඖඃ,,,,,,,,,,,,,,,,,,,,,,,,,,,,,,,,,,,,,,,,,,,,,,,,,,,,,,,,,,,,,,,,
ක්,ක,කා,කැ,කෑ,කි,කී,කු,කූ,කෘ,කෲ,කෟ,කෳ,කෙ,කේ,කෛ,කො,කෝ,කෞ,කං,කඃ,කාං,කාඃ,කැං,කැඃ,කෑං,කෑඃ,කිං,කිඃ,කීං,කීඃ,කුං,කුඃ,කූං,කූඃ,කෘං,කෘඃ,කෟං,කෟඃ,කෙං,කෙඃ,කේං,කේඃ,කෛං,කෛඃ,කොං,කොඃ,කෝං,කෝඃ,කෞං,කෞඃ,ක්‍ර ,ක්‍රා  ,ක්‍රැ ,ක්‍රෑ ,ක්‍රි,ක්‍රී,ක්‍රෙ,ක්‍රේ,ක්‍රෛ,ක්‍රො,ක්‍රෝ,ක්‍රෞ,ක්‍රං,ක්‍රඃ,ක්‍රාං,ක්‍රාඃ,ක්‍රැං,ක්‍රැඃ,ක්‍රෑං,ක්‍රෑඃ,ක්‍රිං,ක්‍රිඃ,ක්‍රීං,ක්‍රීඃ,ක්‍රෙං,ක්‍රෙඃ,ක්‍රේං,ක්‍රේඃ,ක්‍රෛං,ක්‍රෛඃ,ක්‍රොං,ක්‍රොඃ,ක්‍රෝං,ක්‍රෝඃ,ක්‍රෞං,ක්‍රෞඃ,ර්‍ක,,ර්‍කං,ර්‍කඃ,ක්‍ය ,ක්‍යා,ක්‍යු,ක්‍යූ,ක්‍යෙ,ක්‍යේ,ක්‍යො ,ක්‍යෝ ,ක්‍යං,ක්‍යඃ,ක්‍යාං,ක්‍යාඃ,ක්‍යුං,ක්‍යුඃ,ක්‍යූං,ක්‍යූඃ,ක්‍යෙං,ක්‍යෙඃ,ක්‍යේං,ක්‍යේඃ,ක්‍යොං,ක්‍යොඃ,ක්‍යෝං,ක්‍යෝඃ
ඛ්,ඛ,ඛා,ඛැ,ඛෑ,ඛි,ඛී,ඛු,ඛූ,ඛෘ,ඛෲ,ඛෟ,ඛෳ,ඛෙ,ඛේ,ඛෛ,ඛො,ඛෝ,ඛෞ,ඛං,ඛඃ,ඛාං,ඛාඃ,ඛැං,ඛැඃ,ඛෑං,ඛෑඃ,ඛිං,ඛිඃ,ඛීං,ඛීඃ,ඛුං,ඛුඃ,ඛූං,ඛූඃ,ඛෘං,ඛෘඃ,ඛෟං,ඛෟඃ,ඛෙං,ඛෙඃ,ඛේං,ඛේඃ,ඛෛං,ඛෛඃ,ඛොං,ඛොඃ,ඛෝං,ඛෝඃ,ඛෞං,ඛෞඃ,ඛ්‍ර ,ඛ්‍රා  ,ඛ්‍රැ ,ඛ්‍රෑ ,ඛ්‍රි,ඛ්‍රී,ඛ්‍රෙ,ඛ්‍රේ,ඛ්‍රෛ,ඛ්‍රො,ඛ්‍රෝ,ඛ්‍රෞ,ඛ්‍රං,ඛ්‍රඃ,ඛ්‍රාං,ඛ්‍රාඃ,ඛ්‍රැං,ඛ්‍රැඃ,ඛ්‍රෑං,ඛ්‍රෑඃ,ඛ්‍රිං,ඛ්‍රිඃ,ඛ්‍රීං,ඛ්‍රීඃ,ඛ්‍රෙං,ඛ්‍රෙඃ,ඛ්‍රේං,ඛ්‍රේඃ,ඛ්‍රෛං,ඛ්‍රෛඃ,ඛ්‍රොං,ඛ්‍රොඃ,ඛ්‍රෝං,ඛ්‍රෝඃ,ඛ්‍රෞං,ඛ්‍රෞඃ,ර්‍ඛ,,ර්‍ඛං,ර්‍ඛඃ,ඛ්‍ය ,ඛ්‍යා,ඛ්‍යු,ඛ්‍යූ,ඛ්‍යෙ,ඛ්‍යේ,ඛ්‍යො ,ඛ්‍යෝ ,ඛ්‍යං,ඛ්‍යඃ,ඛ්‍යාං,ඛ්‍යාඃ,ඛ්‍යුං,ඛ්‍යුඃ,ඛ්‍යූං,ඛ්‍යූඃ,ඛ්‍යෙං,ඛ්‍යෙඃ,ඛ්‍යේං,ඛ්‍යේඃ,ඛ්‍යොං,ඛ්‍යොඃ,ඛ්‍යෝං,ඛ්‍යෝඃ
ග්,ග,ගා,ගැ,ගෑ,ගි,ගී,ගු,ගූ,ගෘ,ගෲ,ගෟ,ගෳ,ගෙ,ගේ,ගෛ,ගො,ගෝ,ගෞ,ගං,ගඃ,ගාං,ගාඃ,ගැං,ගැඃ,ගෑං,ගෑඃ,ගිං,ගිඃ,ගීං,ගීඃ,ගුං,ගුඃ,ගූං,ගූඃ,ගෘං,ගෘඃ,ගෟං,ගෟඃ,ගෙං,ගෙඃ,ගේං,ගේඃ,ගෛං,ගෛඃ,ගොං,ගොඃ,ගෝං,ගෝඃ,ගෞං,ගෞඃ,ග්‍ර ,ග්‍රා  ,ග්‍රැ ,ග්‍රෑ ,ග්‍රි,ග්‍රී,ග්‍රෙ,ග්‍රේ,ග්‍රෛ,ග්‍රො,ග්‍රෝ,ග්‍රෞ,ග්‍රං,ග්‍රඃ,ග්‍රාං,ග්‍රාඃ,ග්‍රැං,ග්‍රැඃ,ග්‍රෑං,ග්‍රෑඃ,ග්‍රිං,ග්‍රිඃ,ග්‍රීං,ග්‍රීඃ,ග්‍රෙං,ග්‍රෙඃ,ග්‍රේං,ග්‍රේඃ,ග්‍රෛං,ග්‍රෛඃ,ග්‍රොං,ග්‍රොඃ,ග්‍රෝං,ග්‍රෝඃ,ග්‍රෞං,ග්‍රෞඃ,ර්‍ග,,ර්‍ගං,ර්‍ගඃ,ග්‍ය ,ග්‍යා,ග්‍යු,ග්‍යූ,ග්‍යෙ,ග්‍යේ,ග්‍යො ,ග්‍යෝ ,ග්‍යං,ග්‍යඃ,ග්‍යාං,ග්‍යාඃ,ග්‍යුං,ග්‍යුඃ,ග්‍යූං,ග්‍යූඃ,ග්‍යෙං,ග්‍යෙඃ,ග්‍යේං,ග්‍යේඃ,ග්‍යොං,ග්‍යොඃ,ග්‍යෝං,ග්‍යෝඃ
ඝ්,ඝ,ඝා,ඝැ,ඝෑ,ඝි,ඝී,ඝු,ඝූ,ඝෘ,ඝෲ,ඝෟ,ඝෳ,ඝෙ,ඝේ,ඝෛ,ඝො,ඝෝ,ඝෞ,ඝං,ඝඃ,ඝාං,ඝාඃ,ඝැං,ඝැඃ,ඝෑං,ඝෑඃ,ඝිං,ඝිඃ,ඝීං,ඝීඃ,ඝුං,ඝුඃ,ඝූං,ඝූඃ,ඝෘං,ඝෘඃ,ඝෟං,ඝෟඃ,ඝෙං,ඝෙඃ,ඝේං,ඝේඃ,ඝෛං,ඝෛඃ,ඝොං,ඝොඃ,ඝෝං,ඝෝඃ,ඝෞං,ඝෞඃ,ඝ්‍ර ,ඝ්‍රා  ,ඝ්‍රැ ,ඝ්‍රෑ ,ඝ්‍රි,ඝ්‍රී,ඝ්‍රෙ,ඝ්‍රේ,ඝ්‍රෛ,ඝ්‍රො,ඝ්‍රෝ,ඝ්‍රෞ,ඝ්‍රං,ඝ්‍රඃ,ඝ්‍රාං,ඝ්‍රාඃ,ඝ්‍රැං,ඝ්‍රැඃ,ඝ්‍රෑං,ඝ්‍රෑඃ,ඝ්‍රිං,ඝ්‍රිඃ,ඝ්‍රීං,ඝ්‍රීඃ,ඝ්‍රෙං,ඝ්‍රෙඃ,ඝ්‍රේං,ඝ්‍රේඃ,ඝ්‍රෛං,ඝ්‍රෛඃ,ඝ්‍රොං,ඝ්‍රොඃ,ඝ්‍රෝං,ඝ්‍රෝඃ,ඝ්‍රෞං,ඝ්‍රෞඃ,ර්‍ඝ,ර්‍ඝා,ර්‍ඝං,ර්‍ඝඃ,ඝ්‍ය ,ඝ්‍යා,ඝ්‍යු,ඝ්‍යූ,ඝ්‍යෙ,ඝ්‍යේ,ඝ්‍යො ,ඝ්‍යෝ ,ඝ්‍යං,ඝ්‍යඃ,ඝ්‍යාං,ඝ්‍යාඃ,ඝ්‍යුං,ඝ්‍යුඃ,ඝ්‍යූං,ඝ්‍යූඃ,ඝ්‍යෙං,ඝ්‍යෙඃ,ඝ්‍යේං,ඝ්‍යේඃ,ඝ්‍යොං,ඝ්‍යොඃ,ඝ්‍යෝං,ඝ්‍යෝඃ
ඞ්,ඞ,,,,,,,,,,,,,,,,,,,,,,,,,,,,,,,,,,,,,,,,,,,,,,,,,,,,,,,,,,,,,,,,,,,,,,,,,,,,,,,,,,,,,,,,,,,,,,,,,,,,,,,,,,,,,,,,,
ඟ්,ඟ,ඟා,ඟැ,ඟෑ,ඟි,ඟී,ඟු,ඟූ,,,ඟෟ,ඟෳ,ඟෙ,ඟේ,ඟෛ,ඟො,ඟෝ,ඟෞ,ඟං,ඟඃ,ඟාං,ඟාඃ,ඟැං,ඟැඃ,ඟෑං,ඟෑඃ,ඟිං,ඟිඃ,ඟීං,ඟීඃ,ඟුං,ඟුඃ,ඟූං,ඟූඃ,,,ඟෟං,ඟෟඃ,ඟෙං,ඟෙඃ,ඟේං,ඟේඃ,ඟෛං,ඟෛඃ,ඟොං,ඟොඃ,ඟෝං,ඟෝඃ,ඟෞං,ඟෞඃ,ඟ්‍ර ,ඟ්‍රා  ,ඟ්‍රැ ,ඟ්‍රෑ ,ඟ්‍රි,ඟ්‍රී,ඟ්‍රෙ,ඟ්‍රේ,ඟ්‍රෛ,ඟ්‍රො,ඟ්‍රෝ,ඟ්‍රෞ,ඟ්‍රං,ඟ්‍රඃ,ඟ්‍රාං,ඟ්‍රාඃ,ඟ්‍රැං,ඟ්‍රැඃ,ඟ්‍රෑං,ඟ්‍රෑඃ,ඟ්‍රිං,ඟ්‍රිඃ,ඟ්‍රීං,ඟ්‍රීඃ,ඟ්‍රෙං,ඟ්‍රෙඃ,ඟ්‍රේං,ඟ්‍රේඃ,ඟ්‍රෛං,ඟ්‍රෛඃ,ඟ්‍රොං,ඟ්‍රොඃ,ඟ්‍රෝං,ඟ්‍රෝඃ,ඟ්‍රෞං,ඟ්‍රෞඃ,ර්‍ඟ,,ර්‍ඟං,ර්‍ඟඃ,ඟ්‍ය ,ඟ්‍යා,ඟ්‍යු,ඟ්‍යූ,ඟ්‍යෙ,ඟ්‍යේ,ඟ්‍යො ,ඟ්‍යෝ ,ඟ්‍යං,ඟ්‍යඃ,ඟ්‍යාං,ඟ්‍යාඃ,ඟ්‍යුං,ඟ්‍යුඃ,ඟ්‍යූං,ඟ්‍යූඃ,ඟ්‍යෙං,ඟ්‍යෙඃ,ඟ්‍යේං,ඟ්‍යේඃ,ඟ්‍යොං,ඟ්‍යොඃ,ඟ්‍යෝං,ඟ්‍යෝඃ
ච්,ච,චා,චැ,චෑ,චි,චී,චු,චූ,චෘ,චෲ,චෟ,චෳ,චෙ,චේ,චෛ,චො,චෝ,චෞ,චං,චඃ,චාං,චාඃ,චැං,චැඃ,චෑං,චෑඃ,චිං,චිඃ,චීං,චීඃ,චුං,චුඃ,චූං,චූඃ,චෘං,චෘඃ,චෟං,චෟඃ,චෙං,චෙඃ,චේං,චේඃ,චෛං,චෛඃ,චොං,චොඃ,චෝං,චෝඃ,චෞං,චෞඃ,ච්‍ර ,ච්‍රා  ,ච්‍රැ ,ච්‍රෑ ,ච්‍රි,ච්‍රී,ච්‍රෙ,ච්‍රේ,ච්‍රෛ,ච්‍රො,ච්‍රෝ,ච්‍රෞ,ච්‍රං,ච්‍රඃ,ච්‍රාං,ච්‍රාඃ,ච්‍රැං,ච්‍රැඃ,ච්‍රෑං,ච්‍රෑඃ,ච්‍රිං,ච්‍රිඃ,ච්‍රීං,ච්‍රීඃ,ච්‍රෙං,ච්‍රෙඃ,ච්‍රේං,ච්‍රේඃ,ච්‍රෛං,ච්‍රෛඃ,ච්‍රොං,ච්‍රොඃ,ච්‍රෝං,ච්‍රෝඃ,ච්‍රෞං,ච්‍රෞඃ,ර්‍ච,,ර්‍චං,ර්‍චඃ,ච්‍ය ,ච්‍යා,ච්‍යු,ච්‍යූ,ච්‍යෙ,ච්‍යේ,ච්‍යො ,ච්‍යෝ ,ච්‍යං,ච්‍යඃ,ච්‍යාං,ච්‍යාඃ,ච්‍යුං,ච්‍යුඃ,ච්‍යූං,ච්‍යූඃ,ච්‍යෙං,ච්‍යෙඃ,ච්‍යේං,ච්‍යේඃ,ච්‍යොං,ච්‍යොඃ,ච්‍යෝං,ච්‍යෝඃ
ඡ්,ඡ,ඡා,ඡැ,ඡෑ,ඡි,ඡී,ඡු,ඡූ,ඡෘ,ඡෲ,ඡෟ,ඡෳ,ඡෙ,ඡේ,ඡෛ,ඡො,ඡෝ,ඡෞ,ඡං,ඡඃ,ඡාං,ඡාඃ,ඡැං,ඡැඃ,ඡෑං,ඡෑඃ,ඡිං,ඡිඃ,ඡීං,ඡීඃ,ඡුං,ඡුඃ,ඡූං,ඡූඃ,ඡෘං,ඡෘඃ,ඡෟං,ඡෟඃ,ඡෙං,ඡෙඃ,ඡේං,ඡේඃ,ඡෛං,ඡෛඃ,ඡොං,ඡොඃ,ඡෝං,ඡෝඃ,ඡෞං,ඡෞඃ,ඡ්‍ර ,ඡ්‍රා  ,ඡ්‍රැ ,ඡ්‍රෑ ,ඡ්‍රි,ඡ්‍රී,ඡ්‍රෙ,ඡ්‍රේ,ඡ්‍රෛ,ඡ්‍රො,ඡ්‍රෝ,ඡ්‍රෞ,ඡ්‍රං,ඡ්‍රඃ,ඡ්‍රාං,ඡ්‍රාඃ,ඡ්‍රැං,ඡ්‍රැඃ,ඡ්‍රෑං,ඡ්‍රෑඃ,ඡ්‍රිං,ඡ්‍රිඃ,ඡ්‍රීං,ඡ්‍රීඃ,ඡ්‍රෙං,ඡ්‍රෙඃ,ඡ්‍රේං,ඡ්‍රේඃ,ඡ්‍රෛං,ඡ්‍රෛඃ,ඡ්‍රොං,ඡ්‍රොඃ,ඡ්‍රෝං,ඡ්‍රෝඃ,ඡ්‍රෞං,ඡ්‍රෞඃ,ර්‍ඡ,,ර්‍ඡං,ර්‍ඡඃ,ඡ්‍ය ,ඡ්‍යා,ඡ්‍යු,ඡ්‍යූ,ඡ්‍යෙ,ඡ්‍යේ,ඡ්‍යො ,ඡ්‍යෝ ,ඡ්‍යං,ඡ්‍යඃ,ඡ්‍යාං,ඡ්‍යාඃ,ඡ්‍යුං,ඡ්‍යුඃ,ඡ්‍යූං,ඡ්‍යූඃ,ඡ්‍යෙං,ඡ්‍යෙඃ,ඡ්‍යේං,ඡ්‍යේඃ,ඡ්‍යොං,ඡ්‍යොඃ,ඡ්‍යෝං,ඡ්‍යෝඃ
ජ්,ජ,ජා,ජැ,ජෑ,ජි,ජී,ජු,ජූ,ජෘ,ජෲ,ජෟ,ජෳ,ජෙ,ජේ,ජෛ,ජො,ජෝ,ජෞ,ජං,ජඃ,ජාං,ජාඃ,ජැං,ජැඃ,ජෑං,ජෑඃ,ජිං,ජිඃ,ජීං,ජීඃ,ජුං,ජුඃ,ජූං,ජූඃ,ජෘං,ජෘඃ,ජෟං,ජෟඃ,ජෙං,ජෙඃ,ජේං,ජේඃ,ජෛං,ජෛඃ,ජොං,ජොඃ,ජෝං,ජෝඃ,ජෞං,ජෞඃ,ජ්‍ර ,ජ්‍රා  ,ජ්‍රැ ,ජ්‍රෑ ,ජ්‍රි,ජ්‍රී,ජ්‍රෙ,ජ්‍රේ,ජ්‍රෛ,ජ්‍රො,ජ්‍රෝ,ජ්‍රෞ,ජ්‍රං,ජ්‍රඃ,ජ්‍රාං,ජ්‍රාඃ,ජ්‍රැං,ජ්‍රැඃ,ජ්‍රෑං,ජ්‍රෑඃ,ජ්‍රිං,ජ්‍රිඃ,ජ්‍රීං,ජ්‍රීඃ,ජ්‍රෙං,ජ්‍රෙඃ,ජ්‍රේං,ජ්‍රේඃ,ජ්‍රෛං,ජ්‍රෛඃ,ජ්‍රොං,ජ්‍රොඃ,ජ්‍රෝං,ජ්‍රෝඃ,ජ්‍රෞං,ජ්‍රෞඃ,ර්‍ජ,,ර්‍ජං,ර්‍ජඃ,ජ්‍ය ,ජ්‍යා,ජ්‍යු,ජ්‍යූ,ජ්‍යෙ,ජ්‍යේ,ජ්‍යො ,ජ්‍යෝ ,ජ්‍යං,ජ්‍යඃ,ජ්‍යාං,ජ්‍යාඃ,ජ්‍යුං,ජ්‍යුඃ,ජ්‍යූං,ජ්‍යූඃ,ජ්‍යෙං,ජ්‍යෙඃ,ජ්‍යේං,ජ්‍යේඃ,ජ්‍යොං,ජ්‍යොඃ,ජ්‍යෝං,ජ්‍යෝඃ
ඣ්,ඣ,ඣා,ඣැ,ඣෑ,ඣි,ඣී,ඣු,ඣූ,ඣෘ,ඣෲ,ඣෟ,ඣෳ,ඣෙ,ඣේ,ඣෛ,ඣො,ඣෝ,ඣෞ,ඣං,ඣඃ,ඣාං,ඣාඃ,ඣැං,ඣැඃ,ඣෑං,ඣෑඃ,ඣිං,ඣිඃ,ඣීං,ඣීඃ,ඣුං,ඣුඃ,ඣූං,ඣූඃ,ඣෘං,ඣෘඃ,ඣෟං,ඣෟඃ,ඣෙං,ඣෙඃ,ඣේං,ඣේඃ,ඣෛං ,ඣෛඃ,ඣොං,ඣොඃ,ඣෝං,ඣෝඃ,ඣෞං,ඣෞඃ,ඣ්‍ර ,ඣ්‍රා  ,ඣ්‍රැ ,ඣ්‍රෑ ,ඣ්‍රි,ඣ්‍රී,ඣ්‍රෙ,ඣ්‍රේ,ඣ්‍රෛ,ඣ්‍රො,ඣ්‍රෝ,ඣ්‍රෞ,ඣ්‍රං,ඣ්‍රඃ,ඣ්‍රාං,ඣ්‍රාඃ,ඣ්‍රැං,ඣ්‍රැඃ,ඣ්‍රෑං,ඣ්‍රෑඃ,ඣ්‍රිං,ඣ්‍රිඃ,ඣ්‍රීං,ඣ්‍රීඃ,ඣ්‍රෙං,ඣ්‍රෙඃ,ඣ්‍රේං,ඣ්‍රේඃ,ඣ්‍රෛං,ඣ්‍රෛඃ,ඣ්‍රොං,ඣ්‍රොඃ,ඣ්‍රෝං,ඣ්‍රෝඃ,ඣ්‍රෞං,ඣ්‍රෞඃ,ර්‍ඣ,,ර්‍ඣං,ර්‍ඣඃ,ඣ්‍ය ,ඣ්‍යා,ඣ්‍යු,ඣ්‍යූ,ඣ්‍යෙ,ඣ්‍යේ,ඣ්‍යො ,ඣ්‍යෝ ,ඣ්‍යං,ඣ්‍යඃ,ඣ්‍යාං,ඣ්‍යාඃ,ඣ්‍යුං,ඣ්‍යුඃ,ඣ්‍යූං,ඣ්‍යූඃ,ඣ්‍යෙං,ඣ්‍යෙඃ,ඣ්‍යේං,ඣ්‍යේඃ,ඣ්‍යොං,ඣ්‍යොඃ,ඣ්‍යෝං,ඣ්‍යෝඃ
ඤ්,ඤ,ඤා,ඤැ,ඤෑ,ඤි,ඤී,ඤු,ඤූ,ඤෘ,ඤෲ,ඤෟ,ඤෳ,ඤෙ,ඤේ,ඤෛ,ඤො,ඤෝ,ඤෞ,ඤං,ඤඃ,ඤාං,ඤාඃ,ඤැං,ඤැඃ,ඤෑං,ඤෑඃ,ඤිං,ඤිඃ,ඤීං,ඤීඃ,ඤුං,ඤුඃ,ඤූං,ඤූඃ,ඤෘං,ඤෘඃ,ඤෟං,ඤෟඃ,ඤෙං,ඤෙඃ,ඤේං,ඤේඃ,ඤෛං,ඤෛඃ,ඤොං,ඤොඃ,ඤෝං,ඤෝඃ,ඤෞං,ඤෞඃ,ඤ්‍ර ,ඤ්‍රා  ,ඤ්‍රැ ,ඤ්‍රෑ ,ඤ්‍රි,ඤ්‍රී,ඤ්‍රෙ,ඤ්‍රේ,ඤ්‍රෛ,ඤ්‍රො,ඤ්‍රෝ,ඤ්‍රෞ,ඤ්‍රං,ඤ්‍රඃ,ඤ්‍රාං,ඤ්‍රාඃ,ඤ්‍රැං,ඤ්‍රැඃ,ඤ්‍රෑං,ඤ්‍රෑඃ,ඤ්‍රිං,ඤ්‍රිඃ,ඤ්‍රීං,ඤ්‍රීඃ,ඤ්‍රෙං,ඤ්‍රෙඃ,ඤ්‍රේං,ඤ්‍රේඃ,ඤ්‍රෛං,ඤ්‍රෛඃ,ඤ්‍රොං,ඤ්‍රොඃ,ඤ්‍රෝං,ඤ්‍රෝඃ,ඤ්‍රෞං,ඤ්‍රෞඃ,ර්‍ඤ,,ර්‍ඤං,ර්‍ඤඃ,ඤ්‍ය ,ඤ්‍යා,ඤ්‍යු,ඤ්‍යූ,ඤ්‍යෙ,ඤ්‍යේ,ඤ්‍යො ,ඤ්‍යෝ ,ඤ්‍යං,ඤ්‍යඃ,ඤ්‍යාං,ඤ්‍යාඃ,ඤ්‍යුං,ඤ්‍යුඃ,ඤ්‍යූං,ඤ්‍යූඃ,ඤ්‍යෙං,ඤ්‍යෙඃ,ඤ්‍යේං,ඤ්‍යේඃ,ඤ්‍යොං,ඤ්‍යොඃ,ඤ්‍යෝං,ඤ්‍යෝඃ
ඦ්,ඦ,ඦා,ඦැ,ඦෑ,ඦි,ඦී,ඦු,ඦූ,ඦෘ,ඦෲ,ඦෟ,ඦෳ,ඦෙ,ඦේ,ඦෛ,ඦො,ඦෝ,ඦෞ,ඦං,ඦඃ,ඦාං,ඦාඃ,ඦැං,ඦැඃ,ඦෑං,ඦෑඃ,ඦිං,ඦිඃ,ඦීං,ඦීඃ,ඦුං,ඦුඃ,ඦූං,ඦූඃ,ඦෘං,ඦෘඃ,ඦෟං,ඦෟඃ,ඦෙං,ඦෙඃ,ඦේං,ඦේඃ,ඦෛං,ඦෛඃ,ඦොං,ඦොඃ,ඦෝං,ඦෝඃ,ඦෞං,ඦෞඃ,ඦ්‍ර ,ඦ්‍රා  ,ඦ්‍රැ ,ඦ්‍රෑ ,ඦ්‍රි,ඦ්‍රී,ඦ්‍රෙ,ඦ්‍රේ,ඦ්‍රෛ,ඦ්‍රො,ඦ්‍රෝ,ඦ්‍රෞ,ඦ්‍රං,ඦ්‍රඃ,ඦ්‍රාං,ඦ්‍රාඃ,ඦ්‍රැං,ඦ්‍රැඃ,ඦ්‍රෑං,ඦ්‍රෑඃ,ඦ්‍රිං,ඦ්‍රිඃ,ඦ්‍රීං,ඦ්‍රීඃ,ඦ්‍රෙං,ඦ්‍රෙඃ,ඦ්‍රේං,ඦ්‍රේඃ,ඦ්‍රෛං,ඦ්‍රෛඃ,ඦ්‍රොං,ඦ්‍රොඃ,ඦ්‍රෝං,ඦ්‍රෝඃ,ඦ්‍රෞං,ඦ්‍රෞඃ,ර්‍ඦ,,ර්‍ඦං,ර්‍ඦඃ,ඦ්‍ය ,ඦ්‍යා,ඦ්‍යු,ඦ්‍යූ,ඦ්‍යෙ,ඦ්‍යේ,ඦ්‍යො ,ඦ්‍යෝ ,ඦ්‍යං,ඦ්‍යඃ,ඦ්‍යාං,ඦ්‍යාඃ,ඦ්‍යුං,ඦ්‍යුඃ,ඦ්‍යූං,ඦ්‍යූඃ,ඦ්‍යෙං,ඦ්‍යෙඃ,ඦ්‍යේං,ඦ්‍යේඃ,ඦ්‍යොං,ඦ්‍යොඃ,ඦ්‍යෝං,ඦ්‍යෝඃ
ට්,ට,ටා,ටැ,ටෑ,ටි,ටී,ටු,ටූ,ටෘ,ටෲ,ටෟ,ටෳ,ටෙ,ටේ,ටෛ,ටො,ටෝ,ටෞ,ටං,ටඃ,ටාං,ටාඃ,ටැං,ටැඃ,ටෑං,ටෑඃ,ටිං,ටිඃ,ටීං,ටීඃ,ටුං,ටුඃ,ටූං,ටූඃ,ටෘං,ටෘඃ,ටෟං,ටෟඃ,ටෙං,ටෙඃ,ටේං,ටේඃ,ටෛං,ටෛඃ,ටොං,ටොඃ,ටෝං,ටෝඃ,ටෞං,ටෞඃ,ට්‍ර ,ට්‍රා  ,ට්‍රැ ,ට්‍රෑ ,ට්‍රි,ට්‍රී,ට්‍රෙ,ට්‍රේ,ට්‍රෛ,ට්‍රො,ට්‍රෝ,ට්‍රෞ,ට්‍රං,ට්‍රඃ,ට්‍රාං,ට්‍රාඃ,ට්‍රැං,ට්‍රැඃ,ට්‍රෑං,ට්‍රෑඃ,ට්‍රිං,ට්‍රිඃ,ට්‍රීං,ට්‍රීඃ,ට්‍රෙං,ට්‍රෙඃ,ට්‍රේං,ට්‍රේඃ,ට්‍රෛං,ට්‍රෛඃ,ට්‍රොං,ට්‍රොඃ,ට්‍රෝං,ට්‍රෝඃ,ට්‍රෞං,ට්‍රෞඃ,ර්‍ට,,ර්‍ටං,ර්‍ටඃ,ට්‍ය ,ට්‍යා,ට්‍යු,ට්‍යූ,ට්‍යෙ,ට්‍යේ,ට්‍යො ,ට්‍යෝ ,ට්‍යං,ට්‍යඃ,ට්‍යාං,ට්‍යාඃ,ට්‍යුං,ට්‍යුඃ,ට්‍යූං,ට්‍යූඃ,ට්‍යෙං,ට්‍යෙඃ,ට්‍යේං,ට්‍යේඃ,ට්‍යොං,ට්‍යොඃ,ට්‍යෝං,ට්‍යෝඃ
ඨ්,ඨ,ඨා,ඨැ,ඨෑ,ඨි,ඨී,ඨු,ඨූ,ඨෘ,ඨෲ,ඨෟ,ඨෳ,ඨෙ,ඨේ,ඨෛ,ඨො,ඨෝ,ඨෞ,ඨං,ඨඃ,ඨාං,ඨාඃ,ඨැං,ඨැඃ,ඨෑං,ඨෑඃ,ඨිං,ඨිඃ,ඨීං,ඨීඃ,ඨුං,ඨුඃ,ඨූං,ඨූඃ,ඨෘං,ඨෘඃ,ඨෟං,ඨෟඃ,ඨෙං,ඨෙඃ,ඨේං,ඨේඃ,ඨෛං,ඨෛඃ,ඨොං,ඨොඃ,ඨෝං,ඨෝඃ,ඨෞං,ඨෞඃ,ඨ්‍ර ,ඨ්‍රා  ,ඨ්‍රැ ,ඨ්‍රෑ ,ඨ්‍රි,ඨ්‍රී,ඨ්‍රෙ,ඨ්‍රේ,ඨ්‍රෛ,ඨ්‍රො,ඨ්‍රෝ,ඨ්‍රෞ,ඨ්‍රං,ඨ්‍රඃ,ඨ්‍රාං,ඨ්‍රාඃ,ඨ්‍රැං,ඨ්‍රැඃ,ඨ්‍රෑං,ඨ්‍රෑඃ,ඨ්‍රිං,ඨ්‍රිඃ,ඨ්‍රීං,ඨ්‍රීඃ,ඨ්‍රෙං,ඨ්‍රෙඃ,ඨ්‍රේං,ඨ්‍රේඃ,ඨ්‍රෛං,ඨ්‍රෛඃ,ඨ්‍රොං,ඨ්‍රොඃ,ඨ්‍රෝං,ඨ්‍රෝඃ,ඨ්‍රෞං,ඨ්‍රෞඃ,ර්‍ඨ,,ර්‍ඨං,ර්‍ඨඃ,ඨ්‍ය ,ඨ්‍යා,ඨ්‍යු,ඨ්‍යූ,ඨ්‍යෙ,ඨ්‍යේ,ඨ්‍යො ,ඨ්‍යෝ ,ඨ්‍යං,ඨ්‍යඃ,ඨ්‍යාං,ඨ්‍යාඃ,ඨ්‍යුං,ඨ්‍යුඃ,ඨ්‍යූං,ඨ්‍යූඃ,ඨ්‍යෙං,ඨ්‍යෙඃ,ඨ්‍යේං,ඨ්‍යේඃ,ඨ්‍යොං,ඨ්‍යොඃ,ඨ්‍යෝං,ඨ්‍යෝඃ
ඩ්,ඩ,ඩා,ඩැ,ඩෑ,ඩි,ඩී,ඩු,ඩූ,ඩෘ,ඩෲ,ඩෟ,ඩෳ,ඩෙ,ඩේ,ඩෛ,ඩො,ඩෝ,ඩෞ,ඩං,ඩඃ,ඩාං,ඩාඃ,ඩැං,ඩැඃ,ඩෑං,ඩෑඃ,ඩිං,ඩිඃ,ඩීං,ඩීඃ,ඩුං,ඩුඃ,ඩූං,ඩූඃ,ඩෘං,ඩෘඃ,ඩෟං,ඩෟඃ,ඩෙං,ඩෙඃ,ඩේං,ඩේඃ,ඩෛං,ඩෛඃ,ඩොං,ඩොඃ,ඩෝං,ඩෝඃ,ඩෞං,ඩෞඃ,ඩ්‍ර ,ඩ්‍රා  ,ඩ්‍රැ ,ඩ්‍රෑ ,ඩ්‍රි,ඩ්‍රී,ඩ්‍රෙ,ඩ්‍රේ,ඩ්‍රෛ,ඩ්‍රො,ඩ්‍රෝ,ඩ්‍රෞ,ඩ්‍රං,ඩ්‍රඃ,ඩ්‍රාං,ඩ්‍රාඃ,ඩ්‍රැං,ඩ්‍රැඃ,ඩ්‍රෑං,ඩ්‍රෑඃ,ඩ්‍රිං,ඩ්‍රිඃ,ඩ්‍රීං,ඩ්‍රීඃ,ඩ්‍රෙං,ඩ්‍රෙඃ,ඩ්‍රේං,ඩ්‍රේඃ,ඩ්‍රෛං,ඩ්‍රෛඃ,ඩ්‍රොං,ඩ්‍රොඃ,ඩ්‍රෝං,ඩ්‍රෝඃ,ඩ්‍රෞං,ඩ්‍රෞඃ,ර්‍ඩ,,ර්‍ඩං,ර්‍ඩඃ,ඩ්‍ය ,ඩ්‍යා,ඩ්‍යු,ඩ්‍යූ,ඩ්‍යෙ,ඩ්‍යේ,ඩ්‍යො ,ඩ්‍යෝ ,ඩ්‍යං,ඩ්‍යඃ,ඩ්‍යාං,ඩ්‍යාඃ,ඩ්‍යුං,ඩ්‍යුඃ,ඩ්‍යූං,ඩ්‍යූඃ,ඩ්‍යෙං,ඩ්‍යෙඃ,ඩ්‍යේං,ඩ්‍යේඃ,ඩ්‍යොං,ඩ්‍යොඃ,ඩ්‍යෝං,ඩ්‍යෝඃ
ඪ්,ඪ,ඪා,ඪැ,ඪෑ,ඪි,ඪී,ඪු,ඪූ,ඪෘ,ඪෲ,ඪෟ,ඪෳ,ඪෙ,ඪේ,ඪෛ,ඪො,ඪෝ,ඪෞ,ඪං,ඪඃ,ඪාං,ඪාඃ,ඪැං,ඪැඃ,ඪෑං,ඪෑඃ,ඪිං,ඪිඃ,ඪීං,ඪීඃ,ඪුං,ඪුඃ,ඪූං,ඪූඃ,ඪෘං,ඪෘඃ,ඪෟං,ඪෟඃ,ඪෙං,ඪෙඃ,ඪේං,ඪේඃ,ඪෛං,ඪෛඃ,ඪොං,ඪොඃ,ඪෝං,ඪෝඃ,ඪෞං,ඪෞඃ,ඪ්‍ර ,ඪ්‍රා  ,ඪ්‍රැ ,ඪ්‍රෑ ,ඪ්‍රි,ඪ්‍රී,ඪ්‍රෙ,ඪ්‍රේ,ඪ්‍රෛ,ඪ්‍රො,ඪ්‍රෝ,ඪ්‍රෞ,ඪ්‍රං,ඪ්‍රඃ,ඪ්‍රාං,ඪ්‍රාඃ,ඪ්‍රැං,ඪ්‍රැඃ,ඪ්‍රෑං,ඪ්‍රෑඃ,ඪ්‍රිං,ඪ්‍රිඃ,ඪ්‍රීං,ඪ්‍රීඃ,ඪ්‍රෙං,ඪ්‍රෙඃ,ඪ්‍රේං,ඪ්‍රේඃ,ඪ්‍රෛං,ඪ්‍රෛඃ,ඪ්‍රොං,ඪ්‍රොඃ,ඪ්‍රෝං,ඪ්‍රෝඃ,ඪ්‍රෞං,ඪ්‍රෞඃ,ර්‍ඪ,,ර්‍ඪං,ර්‍ඪඃ,ඪ්‍ය ,ඪ්‍යා,ඪ්‍යු,ඪ්‍යූ,ඪ්‍යෙ,ඪ්‍යේ,ඪ්‍යො ,ඪ්‍යෝ ,ඪ්‍යං,ඪ්‍යඃ,ඪ්‍යාං,ඪ්‍යාඃ,ඪ්‍යුං,ඪ්‍යුඃ,ඪ්‍යූං,ඪ්‍යූඃ,ඪ්‍යෙං,ඪ්‍යෙඃ,ඪ්‍යේං,ඪ්‍යේඃ,ඪ්‍යොං,ඪ්‍යොඃ,ඪ්‍යෝං,ඪ්‍යෝඃ
ණ්,ණ,ණා,ණැ,ණෑ,ණි,ණී,ණු,ණූ,ණෘ,ණෲ,ණෟ,ණෳ,ණෙ,ණේ,ණෛ,ණො,ණෝ,ණෞ,ණං,ණඃ,ණාං,ණාඃ,ණැං,ණැඃ,ණෑං,ණෑඃ,ණිං,ණිඃ,ණීං,ණීඃ,ණුං,ණුඃ,ණූං,ණූඃ,ණෘං,ණෘඃ,ණෟං,ණෟඃ,ණෙං,ණෙඃ,ණේං,ණේඃ,ණෛං,ණෛඃ,ණොං,ණොඃ,ණෝං,ණෝඃ,ණෞං,ණෞඃ,ණ්‍ර ,ණ්‍රා  ,ණ්‍රැ ,ණ්‍රෑ ,ණ්‍රි,ණ්‍රී,ණ්‍රෙ,ණ්‍රේ,ණ්‍රෛ,ණ්‍රො,ණ්‍රෝ,ණ්‍රෞ,ණ්‍රං,ණ්‍රඃ,ණ්‍රාං,ණ්‍රාඃ,ණ්‍රැං,ණ්‍රැඃ,ණ්‍රෑං,ණ්‍රෑඃ,ණ්‍රිං,ණ්‍රිඃ,ණ්‍රීං,ණ්‍රීඃ,ණ්‍රෙං,ණ්‍රෙඃ,ණ්‍රේං,ණ්‍රේඃ,ණ්‍රෛං,ණ්‍රෛඃ,ණ්‍රොං,ණ්‍රොඃ,ණ්‍රෝං,ණ්‍රෝඃ,ණ්‍රෞං,ණ්‍රෞඃ,ර්‍ණ,,ර්‍ණං,ර්‍ණඃ,ණ්‍ය ,ණ්‍යා,ණ්‍යු,ණ්‍යූ,ණ්‍යෙ,ණ්‍යේ,ණ්‍යො ,ණ්‍යෝ ,ණ්‍යං,ණ්‍යඃ,ණ්‍යාං,ණ්‍යාඃ,ණ්‍යුං,ණ්‍යුඃ,ණ්‍යූං,ණ්‍යූඃ,ණ්‍යෙං,ණ්‍යෙඃ,ණ්‍යේං,ණ්‍යේඃ,ණ්‍යොං,ණ්‍යොඃ,ණ්‍යෝං,ණ්‍යෝඃ
ඬ්,ඬ,ඬා,ඬැ,ඬෑ,ඬි,ඬී,ඬු,ඬූ,ඬෘ,ඬෲ,ඬෟ,ඬෳ,ඬෙ,ඬේ,ඬෛ,ඬො,ඬෝ,ඬෞ,ඬං,ඬඃ,ඬාං,ඬාඃ,ඬැං,ඬැඃ,ඬෑං,ඬෑඃ,ඬිං,ඬිඃ,ඬීං,ඬීඃ,ඬුං,ඬුඃ,ඬූං,ඬූඃ,ඬෘං,ඬෘඃ,ඬෟං,ඬෟඃ,ඬෙං,ඬෙඃ,ඬේං,ඬේඃ,ඬෛං,ඬෛඃ,ඬොං,ඬොඃ,ඬෝං,ඬෝඃ,ඬෞං,ඬෞඃ,ඬ්‍ර ,ඬ්‍රා  ,ඬ්‍රැ ,ඬ්‍රෑ ,ඬ්‍රි,ඬ්‍රී,ඬ්‍රෙ,ඬ්‍රේ,ඬ්‍රෛ,ඬ්‍රො,ඬ්‍රෝ,ඬ්‍රෞ,ඬ්‍රං,ඬ්‍රඃ,ඬ්‍රාං,ඬ්‍රාඃ,ඬ්‍රැං,ඬ්‍රැඃ,ඬ්‍රෑං,ඬ්‍රෑඃ,ඬ්‍රිං,ඬ්‍රිඃ,ඬ්‍රීං,ඬ්‍රීඃ,ඬ්‍රෙං,ඬ්‍රෙඃ,ඬ්‍රේං,ඬ්‍රේඃ,ඬ්‍රෛං,ඬ්‍රෛඃ,ඬ්‍රොං,ඬ්‍රොඃ,ඬ්‍රෝං,ඬ්‍රෝඃ,ඬ්‍රෞං,ඬ්‍රෞඃ,ර්‍ඬ,,ර්‍ඬං,ර්‍ඬඃ,ඬ්‍ය ,ඬ්‍යා,ඬ්‍යු,ඬ්‍යූ,ඬ්‍යෙ,ඬ්‍යේ,ඬ්‍යො ,ඬ්‍යෝ ,ඬ්‍යං,ඬ්‍යඃ,ඬ්‍යාං,ඬ්‍යාඃ,ඬ්‍යුං,ඬ්‍යුඃ,ඬ්‍යූං,ඬ්‍යූඃ,ඬ්‍යෙං,ඬ්‍යෙඃ,ඬ්‍යේං,ඬ්‍යේඃ,ඬ්‍යොං,ඬ්‍යොඃ,ඬ්‍යෝං,ඬ්‍යෝඃ
ත්,ත,තා,තැ,තෑ,ති,තී,තු,තූ,තෘ,තෲ,තෟ,තෳ,තෙ,තේ,තෛ,තො,තෝ,තෞ,තං,තඃ,තාං,තාඃ,තැං,තැඃ,තෑං,තෑඃ,තිං,තිඃ,තීං,තීඃ,තුං,තුඃ,තූං,තූඃ,තෘං,තෘඃ,තෟං,තෟඃ,තෙං,තෙඃ,තේං,තේඃ,තෛං,තෛඃ,තොං,තොඃ,තෝං,තෝඃ,තෞං,තෞඃ,ත්‍ර ,ත්‍රා  ,ත්‍රැ ,ත්‍රෑ ,ත්‍රි,ත්‍රී,ත්‍රෙ,ත්‍රේ,ත්‍රෛ,ත්‍රො,ත්‍රෝ,ත්‍රෞ,ත්‍රං,ත්‍රඃ,ත්‍රාං,ත්‍රාඃ,ත්‍රැං,ත්‍රැඃ,ත්‍රෑං,ත්‍රෑඃ,ත්‍රිං,ත්‍රිඃ,ත්‍රීං,ත්‍රීඃ,ත්‍රෙං,ත්‍රෙඃ,ත්‍රේං,ත්‍රේඃ,ත්‍රෛං,ත්‍රෛඃ,ත්‍රොං,ත්‍රොඃ,ත්‍රෝං,ත්‍රෝඃ,ත්‍රෞං,ත්‍රෞඃ,ර්‍ත,ර්‍තා,ර්‍තං,ර්‍තඃ,ත්‍ය ,ත්‍යා,ත්‍යු,ත්‍යූ,ත්‍යෙ,ත්‍යේ,ත්‍යො ,ත්‍යෝ ,ත්‍යං,ත්‍යඃ,ත්‍යාං,ත්‍යාඃ,ත්‍යුං,ත්‍යුඃ,ත්‍යූං,ත්‍යූඃ,ත්‍යෙං,ත්‍යෙඃ,ත්‍යේං,ත්‍යේඃ,ත්‍යොං,ත්‍යොඃ,ත්‍යෝං,ත්‍යෝඃ
ථ්,ථ,ථා,ථැ,ථෑ,ථි,ථී,ථු,ථූ,ථෘ,ථෲ,ථෟ,ථෳ,ථෙ,ථේ,ථෛ,ථො,ථෝ,ථෞ,ථං,ථඃ,ථාං,ථාඃ,ථැං,ථැඃ,ථෑං,ථෑඃ,ථිං,ථිඃ,ථීං,ථීඃ,ථුං,ථුඃ,ථූං,ථූඃ,ථෘං,ථෘඃ,ථෟං,ථෟඃ,ථෙං,ථෙඃ,ථේං,ථේඃ,ථෛං,ථෛඃ,ථොං,ථොඃ,ථෝං,ථෝඃ,ථෞං,ථෞඃ,ථ්‍ර ,ථ්‍රා  ,ථ්‍රැ ,ථ්‍රෑ ,ථ්‍රි,ථ්‍රී,ථ්‍රෙ,ථ්‍රේ,ථ්‍රෛ,ථ්‍රො,ථ්‍රෝ,ථ්‍රෞ,ථ්‍රං,ථ්‍රඃ,ථ්‍රාං,ථ්‍රාඃ,ථ්‍රැං,ථ්‍රැඃ,ථ්‍රෑං,ථ්‍රෑඃ,ථ්‍රිං,ථ්‍රිඃ,ථ්‍රීං,ථ්‍රීඃ,ථ්‍රෙං,ථ්‍රෙඃ,ථ්‍රේං,ථ්‍රේඃ,ථ්‍රෛං,ථ්‍රෛඃ,ථ්‍රොං,ථ්‍රොඃ,ථ්‍රෝං,ථ්‍රෝඃ,ථ්‍රෞං,ථ්‍රෞඃ,ර්‍ථ,,ර්‍ථං,ර්‍ථඃ,ථ්‍ය ,ථ්‍යා,ථ්‍යු,ථ්‍යූ,ථ්‍යෙ,ථ්‍යේ,ථ්‍යො ,ථ්‍යෝ ,ථ්‍යං,ථ්‍යඃ,ථ්‍යාං,ථ්‍යාඃ,ථ්‍යුං,ථ්‍යුඃ,ථ්‍යූං,ථ්‍යූඃ,ථ්‍යෙං,ථ්‍යෙඃ,ථ්‍යේං,ථ්‍යේඃ,ථ්‍යොං,ථ්‍යොඃ,ථ්‍යෝං,ථ්‍යෝඃ
ද්,ද,දා,දැ,දෑ,දි,දී,දු,දූ,දෘ,දෲ,දෟ,දෳ,දෙ,දේ,දෛ,දො,දෝ,දෞ,දං,දඃ,දාං,දාඃ,දැං,දැඃ,දෑං,දෑඃ,දිං,දිඃ,දීං,දීඃ,දුං,දුඃ,දූං,දූඃ,දෘං,දෘඃ,දෟං,දෟඃ,දෙං,දෙඃ,දේං,දේඃ,දෛං,දෛඃ,දොං,දොඃ,දෝං,දෝඃ,දෞං,දෞඃ,ද්‍ර ,ද්‍රා  ,ද්‍රැ ,ද්‍රෑ ,ද්‍රි,ද්‍රී,ද්‍රෙ,ද්‍රේ,ද්‍රෛ,ද්‍රො,ද්‍රෝ,ද්‍රෞ,ද්‍රං,ද්‍රඃ,ද්‍රාං,ද්‍රාඃ,ද්‍රැං,ද්‍රැඃ,ද්‍රෑං,ද්‍රෑඃ,ද්‍රිං,ද්‍රිඃ,ද්‍රීං,ද්‍රීඃ,ද්‍රෙං,ද්‍රෙඃ,ද්‍රේං,ද්‍රේඃ,ද්‍රෛං,ද්‍රෛඃ,ද්‍රොං,ද්‍රොඃ,ද්‍රෝං,ද්‍රෝඃ,ද්‍රෞං,ද්‍රෞඃ,ර්‍ද,,ර්‍දං,ර්‍දඃ,ද්‍ය ,ද්‍යා,ද්‍යු,ද්‍යූ,ද්‍යෙ,ද්‍යේ,ද්‍යො ,ද්‍යෝ ,ද්‍යං,ද්‍යඃ,ද්‍යාං,ද්‍යාඃ,ද්‍යුං,ද්‍යුඃ,ද්‍යූං,ද්‍යූඃ,ද්‍යෙං,ද්‍යෙඃ,ද්‍යේං,ද්‍යේඃ,ද්‍යොං,ද්‍යොඃ,ද්‍යෝං,ද්‍යෝඃ
ධ්,ධ,ධා,ධැ,ධෑ,ධි,ධී,ධු,ධූ,ධෘ,ධෲ,ධෟ,ධෳ,ධෙ,ධේ,ධෛ,ධො,ධෝ,ධෞ,ධං,ධඃ,ධාං,ධාඃ,ධැං,ධැඃ,ධෑං,ධෑඃ,ධිං,ධිඃ,ධීං,ධීඃ,ධුං,ධුඃ,ධූං,ධූඃ,ධෘං,ධෘඃ,ධෟං,ධෟඃ,ධෙං,ධෙඃ,ධේං,ධේඃ,ධෛං,ධෛඃ,ධොං,ධොඃ,ධෝං,ධෝඃ,ධෞං,ධෞඃ,ධ්‍ර ,ධ්‍රා  ,ධ්‍රැ ,ධ්‍රෑ ,ධ්‍රි,ධ්‍රී,ධ්‍රෙ,ධ්‍රේ,ධ්‍රෛ,ධ්‍රො,ධ්‍රෝ,ධ්‍රෞ,ධ්‍රං,ධ්‍රඃ,ධ්‍රාං,ධ්‍රාඃ,ධ්‍රැං,ධ්‍රැඃ,ධ්‍රෑං,ධ්‍රෑඃ,ධ්‍රිං,ධ්‍රිඃ,ධ්‍රීං,ධ්‍රීඃ,ධ්‍රෙං,ධ්‍රෙඃ,ධ්‍රේං,ධ්‍රේඃ,ධ්‍රෛං,ධ්‍රෛඃ,ධ්‍රොං,ධ්‍රොඃ,ධ්‍රෝං,ධ්‍රෝඃ,ධ්‍රෞං,ධ්‍රෞඃ,ර්‍ධ,,ර්‍ධං,ර්‍ඞඃ,ධ්‍ය ,ධ්‍යා,ධ්‍යු,ධ්‍යූ,ධ්‍යෙ,ධ්‍යේ,ධ්‍යො ,ධ්‍යෝ ,ධ්‍යං,ධ්‍යඃ,ධ්‍යාං,ධ්‍යාඃ,ධ්‍යුං,ධ්‍යුඃ,ධ්‍යූං,ධ්‍යූඃ,ධ්‍යෙං,ධ්‍යෙඃ,ධ්‍යේං,ධ්‍යේඃ,ධ්‍යොං,ධ්‍යොඃ,ධ්‍යෝං,ධ්‍යෝඃ
න්,න,නා,නැ,නෑ,නි,නී,නු,නූ,නෘ,නෲ,නෟ,නෳ,නෙ,නේ,නෛ,නො ,නෝ,නෞ,නං,නඃ,නාං,නාඃ,නැං,නැඃ,නෑං,නෑඃ,නිං,නිඃ,නීං,නීඃ,නුං,නුඃ,නූං,නූඃ,නෘං,නෘඃ,නෟං,නෟඃ,නෙං,නෙඃ,නේං,නේඃ,නෛං,නෛඃ,නොං,නොඃ,නෝං,නෝඃ,නෞං,නෞඃ,න්‍ර ,න්‍රා  ,න්‍රැ ,න්‍රෑ ,න්‍රි,න්‍රී,න්‍රෙ,න්‍රේ,න්‍රෛ,න්‍රො,න්‍රෝ,න්‍රෞ,න්‍රං,න්‍රඃ,න්‍රාං,න්‍රාඃ,න්‍රැං,න්‍රැඃ,න්‍රෑං,න්‍රෑඃ,න්‍රිං,න්‍රිඃ,න්‍රීං,න්‍රීඃ,න්‍රෙං,න්‍රෙඃ,න්‍රේං,න්‍රේඃ,න්‍රෛං,න්‍රෛඃ,න්‍රොං,න්‍රොඃ,න්‍රෝං,න්‍රෝඃ,න්‍රෞං,න්‍රෞඃ,ර්‍න,,ර්‍නං,ර්‍නඃ,න්‍ය ,න්‍යා,න්‍යු,න්‍යූ,න්‍යෙ,න්‍යේ,න්‍යො ,න්‍යෝ ,න්‍යං,න්‍යඃ,න්‍යාං,න්‍යාඃ,න්‍යුං,න්‍යුඃ,න්‍යූං,න්‍යූඃ,න්‍යෙං,න්‍යෙඃ,න්‍යේං,න්‍යේඃ,න්‍යොං,න්‍යොඃ,න්‍යෝං,න්‍යෝඃ
ඳ්,ඳ,ඳා,ඳැ,ඳෑ,ඳි,ඳී,ඳු,ඳූ,ඳෘ,ඳෲ,ඳෟ,ඳෳ,ඳෙ,ඳේ,ඳෛ,ඳො,ඳෝ,ඳෞ,ඳං,ඳඃ,ඳාං,ඳාඃ,ඳැං,ඳැඃ,ඳෑං,ඳෑඃ,ඳිං,ඳිඃ,ඳීං,ඳීඃ,ඳුං,ඳුඃ,ඳූං,ඳූඃ,ඳෘං,ඳෘඃ,ඳෟං,ඳෟඃ,ඳෙං,ඳෙඃ,ඳේං,ඳේඃ,ඳෛං,ඳෛඃ,ඳොං,ඳොඃ,ඳෝං,ඳෝඃ,ඳෞං,ඳෞඃ,ඳ්‍ර ,ඳ්‍රා  ,ඳ්‍රැ ,ඳ්‍රෑ ,ඳ්‍රි,ඳ්‍රී,ඳ්‍රෙ,ඳ්‍රේ,ඳ්‍රෛ,ඳ්‍රො,ඳ්‍රෝ,ඳ්‍රෞ,ඳ්‍රං,ඳ්‍රඃ,ඳ්‍රාං,ඳ්‍රාඃ,ඳ්‍රැං,ඳ්‍රැඃ,ඳ්‍රෑං,ඳ්‍රෑඃ,ඳ්‍රිං,ඳ්‍රිඃ,ඳ්‍රීං,ඳ්‍රීඃ,ඳ්‍රෙං,ඳ්‍රෙඃ,ඳ්‍රේං,ඳ්‍රේඃ,ඳ්‍රෛං,ඳ්‍රෛඃ,ඳ්‍රොං,ඳ්‍රොඃ,ඳ්‍රෝං,ඳ්‍රෝඃ,ඳ්‍රෞං,ඳ්‍රෞඃ,ර්‍ඳ,,ර්‍ඳං,ර්‍ඳඃ,ඳ්‍ය ,ඳ්‍යා,ඳ්‍යු,ඳ්‍යූ,ඳ්‍යෙ,ඳ්‍යේ,ඳ්‍යො ,ඳ්‍යෝ ,ඳ්‍යං,ඳ්‍යඃ,ඳ්‍යාං,ඳ්‍යාඃ,ඳ්‍යුං,ඳ්‍යුඃ,ඳ්‍යූං,ඳ්‍යූඃ,ඳ්‍යෙං,ඳ්‍යෙඃ,ඳ්‍යේං,ඳ්‍යේඃ,ඳ්‍යොං,ඳ්‍යොඃ,ඳ්‍යෝං,ඳ්‍යෝඃ
ප්,ප,පා,පැ,පෑ,පි,පී,පු,පූ,පෘ,පෲ,පෟ,පෳ,පෙ,පේ,පෛ,පො,පෝ,පෞ,පං,පඃ,පාං,පාඃ,පැං,පැඃ,පෑං,පෑඃ,පිං,පිඃ,පීං,පීඃ,පුං,පුඃ,පූං,පූඃ,පෘං,පෘඃ,පෟං,පෟඃ,පෙං,පෙඃ,පේං,පේඃ,පෛං,පෛඃ,පොං,පොඃ,පෝං,පෝඃ,පෞං,පෞඃ,ප්‍ර ,ප්‍රා  ,ප්‍රැ ,ප්‍රෑ ,ප්‍රි,ප්‍රී,ප්‍රෙ,ප්‍රේ,ප්‍රෛ,ප්‍රො,ප්‍රෝ,ප්‍රෞ,ප්‍රං,ප්‍රඃ,ප්‍රාං,ප්‍රාඃ,ප්‍රැං,ප්‍රැඃ,ප්‍රෑං,ප්‍රෑඃ,ප්‍රිං,ප්‍රිඃ,ප්‍රීං,ප්‍රීඃ,ප්‍රෙං,ප්‍රෙඃ,ප්‍රේං,ප්‍රේඃ,ප්‍රෛං,ප්‍රෛඃ,ප්‍රොං,ප්‍රොඃ,ප්‍රෝං,ප්‍රෝඃ,ප්‍රෞං,ප්‍රෞඃ,ර්‍ප,,ර්‍පං,ර්‍පඃ,ප්‍ය ,ප්‍යා,ප්‍යු,ප්‍යූ,ප්‍යෙ,ප්‍යේ,ප්‍යො ,ප්‍යෝ ,ප්‍යං,ප්‍යඃ,ප්‍යාං,ප්‍යාඃ,ප්‍යුං,ප්‍යුඃ,ප්‍යූං,ප්‍යූඃ,ප්‍යෙං,ප්‍යෙඃ,ප්‍යේං,ප්‍යේඃ,ප්‍යොං,ප්‍යොඃ,ප්‍යෝං,ප්‍යෝඃ
ඵ්,ඵ,ඵා,ඵැ,ඵෑ,ඵි,ඵී,ඵු,ඵූ,ඵෘ,ඵෲ,ඵෟ,ඵෳ,ඵෙ,ඵේ,ඵෛ,ඵො,ඵෝ,ඵෞ,ඵං,ඵඃ,ඵාං,ඵාඃ,ඵැං,ඵැඃ,ඵෑං,ඵෑඃ,ඵිං,ඵිඃ,ඵීං,ඵීඃ,ඵුං,ඵුඃ,ඵූං,ඵූඃ,ඵෘං,ඵෘඃ,ඵෟං,ඵෟඃ,ඵෙං,ඵෙඃ,ඵේං,ඵේඃ,ඵෛං,ඵෛඃ,ඵොං,ඵොඃ,ඵෝං,ඵෝඃ,ඵෞං,ඵෞඃ,ඵ්‍ර ,ඵ්‍රා  ,ඵ්‍රැ ,ඵ්‍රෑ ,ඵ්‍රි,ඵ්‍රී,ඵ්‍රෙ,ඵ්‍රේ,ඵ්‍රෛ,ඵ්‍රො,ඵ්‍රෝ,ඵ්‍රෞ,ඵ්‍රං,ඵ්‍රඃ,ඵ්‍රාං,ඵ්‍රාඃ,ඵ්‍රැං,ඵ්‍රැඃ,ඵ්‍රෑං,ඵ්‍රෑඃ,ඵ්‍රිං,ඵ්‍රිඃ,ඵ්‍රීං,ඵ්‍රීඃ,ඵ්‍රෙං,ඵ්‍රෙඃ,ඵ්‍රේං,ඵ්‍රේඃ,ඵ්‍රෛං,ඵ්‍රෛඃ,ඵ්‍රොං,ඵ්‍රොඃ,ඵ්‍රෝං,ඵ්‍රෝඃ,ඵ්‍රෞං,ඵ්‍රෞඃ,ර්‍ඵ,,ර්‍ඵං,ර්‍ඵඃ,ඵ්‍ය ,ඵ්‍යා,ඵ්‍යු,ඵ්‍යූ,ඵ්‍යෙ,ඵ්‍යේ,ඵ්‍යො ,ඵ්‍යෝ ,ඵ්‍යං,ඵ්‍යඃ,ඵ්‍යාං,ඵ්‍යාඃ,ඵ්‍යුං,ඵ්‍යුඃ,ඵ්‍යූං,ඵ්‍යූඃ,ඵ්‍යෙං,ඵ්‍යෙඃ,ඵ්‍යේං,ඵ්‍යේඃ,ඵ්‍යොං,ඵ්‍යොඃ,ඵ්‍යෝං,ඵ්‍යෝඃ
බ්,බ,බා,බැ,බෑ,බි,බී,බු,බූ,බෘ,බෲ,බෟ,බෳ,බෙ,බේ,බෛ,බො,බෝ,බෞ,බං,බඃ,බාං,බාඃ,බැං,බැඃ,බෑං,බෑඃ,බිං,බිඃ,බීං,බීඃ,බුං,බුඃ,බූං,බූඃ,බෘං,බෘඃ,බෟං,බෟඃ,බෙං,බෙඃ,බේං,බේඃ,බෛං,බෛඃ,බොං,බොඃ,බෝං,බෝඃ,බෞං,බෞඃ,බ්‍ර ,බ්‍රා  ,බ්‍රැ ,බ්‍රෑ ,බ්‍රි,බ්‍රී,බ්‍රෙ,බ්‍රේ,බ්‍රෛ,බ්‍රො,බ්‍රෝ,බ්‍රෞ,බ්‍රං,බ්‍රඃ,බ්‍රාං,බ්‍රාඃ,බ්‍රැං,බ්‍රැඃ,බ්‍රෑං,බ්‍රෑඃ,බ්‍රිං,බ්‍රිඃ,බ්‍රීං,බ්‍රීඃ,බ්‍රෙං,බ්‍රෙඃ,බ්‍රේං,බ්‍රේඃ,බ්‍රෛං,බ්‍රෛඃ,බ්‍රොං,බ්‍රොඃ,බ්‍රෝං,බ්‍රෝඃ,බ්‍රෞං,බ්‍රෞඃ,ර්‍බ,,ර්‍බං,ර්‍බඃ,බ්‍ය ,බ්‍යා,බ්‍යු,බ්‍යූ,බ්‍යෙ,බ්‍යේ,බ්‍යො ,බ්‍යෝ ,බ්‍යං,බ්‍යඃ,බ්‍යාං,බ්‍යාඃ,බ්‍යුං,බ්‍යුඃ,බ්‍යූං,බ්‍යූඃ,බ්‍යෙං,බ්‍යෙඃ,බ්‍යේං,බ්‍යේඃ,බ්‍යොං,බ්‍යොඃ,බ්‍යෝං,බ්‍යෝඃ
භ්,භ,භා,භැ,භෑ,භි,භී,භු,භූ,භෘ,භෲ,භෟ,භෳ,භෙ,භේ,භෛ,භො,භෝ,භෞ,භං,භඃ,භාං,භාඃ,භැං,භැඃ,භෑං,භෑඃ,භිං,භිඃ,භීං,භීඃ,භුං,භුඃ,භූං,භූඃ,භෘං,භෘඃ,භෟං,භෟඃ,භෙං,භෙඃ,භේං,භේඃ,භෛං,භෛඃ,භොං,භොඃ,භෝං,භෝඃ,භෞං,භෞඃ,භ්‍ර ,භ්‍රා  ,භ්‍රැ ,භ්‍රෑ ,භ්‍රි,භ්‍රී,භ්‍රෙ,භ්‍රේ,භ්‍රෛ,භ්‍රො,භ්‍රෝ,භ්‍රෞ,භ්‍රං,භ්‍රඃ,භ්‍රාං,භ්‍රාඃ,භ්‍රැං,භ්‍රැඃ,භ්‍රෑං,භ්‍රෑඃ,භ්‍රිං,භ්‍රිඃ,භ්‍රීං,භ්‍රීඃ,භ්‍රෙං,භ්‍රෙඃ,භ්‍රේං,භ්‍රේඃ,භ්‍රෛං,භ්‍රෛඃ,භ්‍රොං,භ්‍රොඃ,භ්‍රෝං,භ්‍රෝඃ,භ්‍රෞං,භ්‍රෞඃ,ර්‍භ,,ර්‍භං,ර්‍භඃ,භ්‍ය ,භ්‍යා,භ්‍යු,භ්‍යූ,භ්‍යෙ,භ්‍යේ,භ්‍යො ,භ්‍යෝ ,භ්‍යං,භ්‍යඃ,භ්‍යාං,භ්‍යාඃ,භ්‍යුං,භ්‍යුඃ,භ්‍යූං,භ්‍යූඃ,භ්‍යෙං,භ්‍යෙඃ,භ්‍යේං,භ්‍යේඃ,භ්‍යොං,භ්‍යොඃ,භ්‍යෝං,භ්‍යෝඃ
ම්,ම,මා,මැ,මෑ,මි,මී,මු,මූ,මෘ,මෲ,මෟ,මෳ,මෙ,මේ,මෛ,මො,මෝ,මෞ,මං,මඃ,මාං,මාඃ,මැං,මැඃ,මෑං,මෑඃ,මිං,මිඃ,මීං,මීඃ,මුං,මුඃ,මූං,මූඃ,මෘං,මෘඃ,මෟං,මෟඃ,මෙං,මෙඃ,මේං,මේඃ,මෛං,මෛඃ,මොං,මොඃ,මෝං,මෝඃ,මෞං,මෞඃ,ම්‍ර ,ම්‍රා  ,ම්‍රැ ,ම්‍රෑ ,ම්‍රි,ම්‍රී,ම්‍රෙ,ම්‍රේ,ම්‍රෛ,ම්‍රො,ම්‍රෝ,ම්‍රෞ,ම්‍රං,ම්‍රඃ,ම්‍රාං,ම්‍රාඃ,ම්‍රැං,ම්‍රැඃ,ම්‍රෑං,ම්‍රෑඃ,ම්‍රිං,ම්‍රිඃ,ම්‍රීං,ම්‍රීඃ,ම්‍රෙං,ම්‍රෙඃ,ම්‍රේං,ම්‍රේඃ,ම්‍රෛං,ම්‍රෛඃ,ම්‍රොං,ම්‍රොඃ,ම්‍රෝං,ම්‍රෝඃ,ම්‍රෞං,ම්‍රෞඃ,ර්‍ම,,ර්‍මං,ර්‍මඃ,ම්‍ය ,ම්‍යා,ම්‍යු,ම්‍යූ,ම්‍යෙ,ම්‍යේ,ම්‍යො ,ම්‍යෝ ,ම්‍යං,ම්‍යඃ,ම්‍යාං,ම්‍යාඃ,ම්‍යුං,ම්‍යුඃ,ම්‍යූං,ම්‍යූඃ,ම්‍යෙං,ම්‍යෙඃ,ම්‍යේං,ම්‍යේඃ,ම්‍යොං,ම්‍යොඃ,ම්‍යෝං,ම්‍යෝඃ
ඹ්,ඹ,ඹා,ඹැ,ඹෑ,ඹි,ඹී,ඹු,ඹූ,,,ඹෟ,ඹෳ,ඹෙ,ඹේ,ඹෛ,ඹො,ඹෝ,ඹෞ,ඹං,ඹඃ,ඹාං,ඹාඃ,ඹැං,ඹැඃ,ඹෑං,ඹෑඃ,ඹිං,ඹිඃ,ඹීං,ඹීඃ,ඹුං,ඹුඃ,ඹූං,ඹූඃ,ඹෘං,ඹෘඃ,ඹෟං,ඹෟඃ,ඹෙං,ඹෙඃ,ඹේං,ඹේඃ,ඹෛං,ඹෛඃ,ඹොං,ඹොඃ,ඹෝං,ඹෝඃ,ඹෞං,ඹෞඃ,ඹ්‍ර ,ඹ්‍රා  ,ඹ්‍රැ ,ඹ්‍රෑ ,ඹ්‍රි,ඹ්‍රී,ඹ්‍රෙ,ඹ්‍රේ,ඹ්‍රෛ,ඹ්‍රො,ඹ්‍රෝ,ඹ්‍රෞ,ඹ්‍රං,ඹ්‍රඃ,ඹ්‍රාං,ඹ්‍රාඃ,ඹ්‍රැං,ඹ්‍රැඃ,ඹ්‍රෑං,ඹ්‍රෑඃ,ඹ්‍රිං,ඹ්‍රිඃ,ඹ්‍රීං,ඹ්‍රීඃ,ඹ්‍රෙං,ඹ්‍රෙඃ,ඹ්‍රේං,ඹ්‍රේඃ,ඹ්‍රෛං,ඹ්‍රෛඃ,ඹ්‍රොං,ඹ්‍රොඃ,ඹ්‍රෝං,ඹ්‍රෝඃ,ඹ්‍රෞං,ඹ්‍රෞඃ,ර්‍ඹ,,ර්‍ඹං,ර්‍ඹඃ,ඹ්‍ය ,ඹ්‍යා,ඹ්‍යු,ඹ්‍යූ,ඹ්‍යෙ,ඹ්‍යේ,ඹ්‍යො ,ඹ්‍යෝ ,ඹ්‍යං,ඹ්‍යඃ,ඹ්‍යාං,ඹ්‍යාඃ,ඹ්‍යුං,ඹ්‍යුඃ,ඹ්‍යූං,ඹ්‍යූඃ,ඹ්‍යෙං,ඹ්‍යෙඃ,ඹ්‍යේං,ඹ්‍යේඃ,ඹ්‍යොං,ඹ්‍යොඃ,ඹ්‍යෝං,ඹ්‍යෝඃ
ය්,ය,යා,යැ,යෑ,යි,යී,යු,යූ,යෘ,යෲ,යෟ,යෳ,යෙ,යේ,යෛ,යො,යෝ,යෞ,යං,යඃ,යාං,යාඃ,යැං,යැඃ,යෑං,යෑඃ,යිං,යිඃ,යීං,යීඃ,යුං,යුඃ,යූං,යූඃ,යෘං,යෘඃ,යෟං,යෟඃ,යෙං,යෙඃ,යේං,යේඃ,යෛං,යෛඃ,යොං,යොඃ,යෝං,යෝඃ,යෞං,යෞඃ,ය්‍ර ,ය්‍රා  ,ය්‍රැ ,ය්‍රෑ ,ය්‍රි,ය්‍රී,ය්‍රෙ,ය්‍රේ,ය්‍රෛ,ය්‍රො,ය්‍රෝ,ය්‍රෞ,ය්‍රං,ය්‍රඃ,ය්‍රාං,ය්‍රාඃ,ය්‍රැං,ය්‍රැඃ,ය්‍රෑං,ය්‍රෑඃ,ය්‍රිං,ය්‍රිඃ,ය්‍රීං,ය්‍රීඃ,ය්‍රෙං,ය්‍රෙඃ,ය්‍රේං,ය්‍රේඃ,ය්‍රෛං,ය්‍රෛඃ,ය්‍රොං,ය්‍රොඃ,ය්‍රෝං,ය්‍රෝඃ,ය්‍රෞං,ය්‍රෞඃ,ර්‍ය,ර්‍යා,ර්‍යං,ර්‍යඃ,ය්‍ය ,ය්‍යා,ය්‍යු,ය්‍යූ,ය්‍යෙ,ය්‍යේ,ය්‍යො ,ය්‍යෝ ,ය්‍යං,ය්‍යඃ,ය්‍යාං,ය්‍යාඃ,ය්‍යුං,ය්‍යුඃ,ය්‍යූං,ය්‍යූඃ,ය්‍යෙං,ය්‍යෙඃ,ය්‍යේං,ය්‍යේඃ,ය්‍යොං,ය්‍යොඃ,ය්‍යෝං,ය්‍යෝඃ
ර්,ර,රා,රැ,රෑ,රි,රී,රු,රූ,රෘ,රෲ,රෟ,රෳ,රෙ,රේ,රෛ,රො,රෝ,රෞ,රං,රඃ,රාං,රාඃ,රැං,රැඃ,රෑං,රෑඃ,රිං,රිඃ,රීං,රීඃ,රුං,රුඃ,රූං,රූඃ,රෘං,රෘඃ,රෟං,රෟඃ,රෙං,රෙඃ,රේං,රේඃ,රෛං,රෛඃ,රොං,රොඃ,රෝං,රෝඃ,රෞං,රෞඃ,,,,,,,,,,,,,,,,,,,,,,,,,,,,,,,,,,,,,,,,,,,,,,,,,,,,,,,,,,,,,,,,
ල්,ල,ලා,ලැ,ලෑ,ලි,ලී,ලු,ලූ,ලෘ,ලෲ,ලෟ,ලෳ,ලෙ,ලේ,ලෛ,ලො,ලෝ,ලෞ,ලං,ලඃ,ලාං,ලාඃ,ලැං,ලැඃ,ලෑං,ලෑඃ,ලිං,ලිඃ,ලීං,ලීඃ,ලුං,ලුඃ,ලූං,ලූඃ,ලෘං,ලෘඃ,ලෟං,ලෟඃ,ලෙං,ලෙඃ,ලේං,ලේඃ,ලෛං,ලෛඃ,ලොං,ලොඃ,ලෝං,ලෝඃ,ලෞං,ලෞඃ,ල්‍ර ,ල්‍රා  ,ල්‍රැ ,ල්‍රෑ ,ල්‍රි,ල්‍රී,ල්‍රෙ,ල්‍රේ,ල්‍රෛ,ල්‍රො,ල්‍රෝ,ල්‍රෞ,ල්‍රං,ල්‍රඃ,ල්‍රාං,ල්‍රාඃ,ල්‍රැං,ල්‍රැඃ,ල්‍රෑං,ල්‍රෑඃ,ල්‍රිං,ල්‍රිඃ,ල්‍රීං,ල්‍රීඃ,ල්‍රෙං,ල්‍රෙඃ,ල්‍රේං,ල්‍රේඃ,ල්‍රෛං,ල්‍රෛඃ,ල්‍රොං,ල්‍රොඃ,ල්‍රෝං,ල්‍රෝඃ,ල්‍රෞං,ල්‍රෞඃ,ර්‍ල,,ර්‍ලං,ර්‍ලඃ,ල්‍ය ,ල්‍යා,ල්‍යු,ල්‍යූ,ල්‍යෙ,ල්‍යේ,ල්‍යො ,ල්‍යෝ ,ල්‍යං,ල්‍යඃ,ල්‍යාං,ල්‍යාඃ,ල්‍යුං,ල්‍යුඃ,ල්‍යූං,ල්‍යූඃ,ල්‍යෙං,ල්‍යෙඃ,ල්‍යේං,ල්‍යේඃ,ල්‍යොං,ල්‍යොඃ,ල්‍යෝං,ල්‍යෝඃ
ව්,ව,වා,වැ,වෑ,වි,වී,වු,වූ,වෘ,වෲ,වෟ,වෳ,වෙ,වේ,වෛ,වො,වෝ,වෞ,වං,වඃ,වාං,වාඃ,වැං,වැඃ,වෑං,වෑඃ,විං,විඃ,වීං,වීඃ,වුං,වුඃ,වූං,වූඃ,වෘං,වෘඃ,වෟං,වෟඃ,වෙං,වෙඃ,වේං,වේඃ,වෛං,වෛඃ,වොං,වොඃ,වෝං,වෝඃ,වෞං,වෞඃ,ව්‍ර ,ව්‍රා  ,ව්‍රැ ,ව්‍රෑ ,ව්‍රි,ව්‍රී,ව්‍රෙ,ව්‍රේ,ව්‍රෛ,ව්‍රො,ව්‍රෝ,ව්‍රෞ,ව්‍රං,ව්‍රඃ,ව්‍රාං,ව්‍රාඃ,ව්‍රැං,ව්‍රැඃ,ව්‍රෑං,ව්‍රෑඃ,ව්‍රිං,ව්‍රිඃ,ව්‍රීං,ව්‍රීඃ,ව්‍රෙං,ව්‍රෙඃ,ව්‍රේං,ව්‍රේඃ,ව්‍රෛං,ව්‍රෛඃ,ව්‍රොං,ව්‍රොඃ,ව්‍රෝං,ව්‍රෝඃ,ව්‍රෞං,ව්‍රෞඃ,ර්‍ව,,ර්‍වං,ර්‍වඃ,ව්‍ය ,ව්‍යා,ව්‍යු,ව්‍යූ,ව්‍යෙ,ව්‍යේ,ව්‍යො ,ව්‍යෝ ,ව්‍යං,ව්‍යඃ,ව්‍යාං,ව්‍යාඃ,ව්‍යුං,ව්‍යුඃ,ව්‍යූං,ව්‍යූඃ,ව්‍යෙං,ව්‍යෙඃ,ව්‍යේං,ව්‍යේඃ,ව්‍යොං,ව්‍යොඃ,ව්‍යෝං,ව්‍යෝඃ
ශ්,ශ,ශා,ශැ,ශෑ,ශි,ශී,ශු,ශූ,ශෘ,ශෲ,ශෟ,ශෳ,ශෙ,ශේ,ශෛ,ශො,ශෝ,ශෞ,ශං,ශඃ,ශාං,ශාඃ,ශැං,ශැඃ,ශෑං,ශෑඃ,ශිං,ශිඃ,ශීං,ශීඃ,ශුං,ශුඃ,ශූං,ශූඃ,ශෘං,ශෘඃ,ශෟං,ශෟඃ,ශෙං,ශෙඃ,ශේං,ශේඃ,ශෛං,ශෛඃ,ශොං,ශොඃ,ශෝං,ශෝඃ,ශෞං,ශෞඃ,ශ්‍ර ,ශ්‍රා  ,ශ්‍රැ ,ශ්‍රෑ ,ශ්‍රි,ශ්‍රී,ශ්‍රෙ,ශ්‍රේ,ශ්‍රෛ,ශ්‍රො,ශ්‍රෝ,ශ්‍රෞ,ශ්‍රං,ශ්‍රඃ,ශ්‍රාං,ශ්‍රාඃ,ශ්‍රැං,ශ්‍රැඃ,ශ්‍රෑං,ශ්‍රෑඃ,ශ්‍රිං,ශ්‍රිඃ,ශ්‍රීං,ශ්‍රීඃ,ශ්‍රෙං,ශ්‍රෙඃ,ශ්‍රේං,ශ්‍රේඃ,ශ්‍රෛං,ශ්‍රෛඃ,ශ්‍රොං,ශ්‍රොඃ,ශ්‍රෝං,ශ්‍රෝඃ,ශ්‍රෞං,ශ්‍රෞඃ,ර්‍ශ,,ර්‍ශං,ර්‍ශඃ,ශ්‍ය ,ශ්‍යා,ශ්‍යු,ශ්‍යූ,ශ්‍යෙ,ශ්‍යේ,ශ්‍යො ,ශ්‍යෝ ,ශ්‍යං,ශ්‍යඃ,ශ්‍යාං,ශ්‍යාඃ,ශ්‍යුං,ශ්‍යුඃ,ශ්‍යූං,ශ්‍යූඃ,ශ්‍යෙං,ශ්‍යෙඃ,ශ්‍යේං,ශ්‍යේඃ,ශ්‍යොං,ශ්‍යොඃ,ශ්‍යෝං,ශ්‍යෝඃ
ෂ්,ෂ,ෂා,ෂැ,ෂෑ,ෂි,ෂී,ෂු,ෂූ,ෂෘ,ෂෲ,ෂෟ,ෂෳ,ෂෙ,ෂේ,ෂෛ,ෂො,ෂෝ,ෂෞ,ෂං,ෂඃ,ෂාං,ෂාඃ,ෂැං,ෂැඃ,ෂෑං,ෂෑඃ,ෂිං,ෂිඃ,ෂීං,ෂීඃ,ෂුං,ෂුඃ,ෂූං,ෂූඃ,ෂෘං,ෂෘඃ,ෂෟං,ෂෟඃ,ෂෙං,ෂෙඃ,ෂේං,ෂේඃ,ෂෛං,ෂෛඃ,ෂොං,ෂොඃ,ෂෝං,ෂෝඃ,ෂෞං,ෂෞඃ,ෂ්‍ර ,ෂ්‍රා  ,ෂ්‍රැ ,ෂ්‍රෑ ,ෂ්‍රි,ෂ්‍රී,ෂ්‍රෙ,ෂ්‍රේ,ෂ්‍රෛ,ෂ්‍රො,ෂ්‍රෝ,ෂ්‍රෞ,ෂ්‍රං,ෂ්‍රඃ,ෂ්‍රාං,ෂ්‍රාඃ,ෂ්‍රැං,ෂ්‍රැඃ,ෂ්‍රෑං,ෂ්‍රෑඃ,ෂ්‍රිං,ෂ්‍රිඃ,ෂ්‍රීං,ෂ්‍රීඃ,ෂ්‍රෙං,ෂ්‍රෙඃ,ෂ්‍රේං,ෂ්‍රේඃ,ෂ්‍රෛං,ෂ්‍රෛඃ,ෂ්‍රොං,ෂ්‍රොඃ,ෂ්‍රෝං,ෂ්‍රෝඃ,ෂ්‍රෞං,ෂ්‍රෞඃ,ර්‍ෂ,,ර්‍ෂං,ර්‍ෂඃ,ෂ්‍ය ,ෂ්‍යා,ෂ්‍යු,ෂ්‍යූ,ෂ්‍යෙ,ෂ්‍යේ,ෂ්‍යො ,ෂ්‍යෝ ,ෂ්‍යං,ෂ්‍යඃ,ෂ්‍යාං,ෂ්‍යාඃ,ෂ්‍යුං,ෂ්‍යුඃ,ෂ්‍යූං,ෂ්‍යූඃ,ෂ්‍යෙං,ෂ්‍යෙඃ,ෂ්‍යේං,ෂ්‍යේඃ,ෂ්‍යොං,ෂ්‍යොඃ,ෂ්‍යෝං,ෂ්‍යෝඃ
ස්,ස,සා,සැ,සෑ,සි,සී,සු,සූ,සෘ,සෲ,සෟ,සෳ,සෙ,සේ,සෛ,සො,සෝ,සෞ,සං,සඃ,සාං,සාඃ,සැං,සැඃ,සෑං,සෑඃ,සිං,සිඃ,සීං,සීඃ,සුං,සුඃ,සූං,සූඃ,සෘං,සෘඃ,සෟං,සෟඃ,සෙං,සෙඃ,සේං,සේඃ,සෛං,සෛඃ,සොං,සොඃ,සෝං,සෝඃ,සෞං,සෞඃ,ස්‍ර ,ස්‍රා  ,ස්‍රැ ,ස්‍රෑ ,ස්‍රි,ස්‍රී,ස්‍රෙ,ස්‍රේ,ස්‍රෛ,ස්‍රො,ස්‍රෝ,ස්‍රෞ,ස්‍රං,ස්‍රඃ,ස්‍රාං,ස්‍රාඃ,ස්‍රැං,ස්‍රැඃ,ස්‍රෑං,ස්‍රෑඃ,ස්‍රිං,ස්‍රිඃ,ස්‍රීං,ස්‍රීඃ,ස්‍රෙං,ස්‍රෙඃ,ස්‍රේං,ස්‍රේඃ,ස්‍රෛං,ස්‍රෛඃ,ස්‍රොං,ස්‍රොඃ,ස්‍රෝං,ස්‍රෝඃ,ස්‍රෞං,ස්‍රෞඃ,ර්‍ස,,ර්‍සං,ර්‍සඃ,ස්‍ය ,ස්‍යා,ස්‍යු,ස්‍යූ,ස්‍යෙ,ස්‍යේ,ස්‍යො ,ස්‍යෝ ,ස්‍යං,ස්‍යඃ,ස්‍යාං,ස්‍යාඃ,ස්‍යුං,ස්‍යුඃ,ස්‍යූං,ස්‍යූඃ,ස්‍යෙං,ස්‍යෙඃ,ස්‍යේං,ස්‍යේඃ,ස්‍යොං,ස්‍යොඃ,ස්‍යෝං,ස්‍යෝඃ
හ්,හ,හා,හැ,හෑ,හි,හී,හු,හූ,හෘ,හෲ,හෟ,හෳ,හෙ,හේ,හෛ,හො,හෝ,හෞ,හං,හඃ,හාං,හාඃ,හැං,හැඃ,හෑං,හෑඃ,හිං,හිඃ,හීං,හීඃ,හුං,හුඃ,හූං,හූඃ,හෘං,හෘඃ,හෟං,හෟඃ,හෙං,හෙඃ,හේං,හේඃ,හෛං,හෛඃ,හොං,හොඃ,හෝං,හෝඃ,හෞං,හෞඃ,හ්‍ර ,හ්‍රා  ,හ්‍රැ ,හ්‍රෑ ,හ්‍රි,හ්‍රී,හ්‍රෙ,හ්‍රේ,හ්‍රෛ,හ්‍රො,හ්‍රෝ,හ්‍රෞ,හ්‍රං,හ්‍රඃ,හ්‍රාං,හ්‍රාඃ,හ්‍රැං,හ්‍රැඃ,හ්‍රෑං,හ්‍රෑඃ,හ්‍රිං,හ්‍රිඃ,හ්‍රීං,හ්‍රීඃ,හ්‍රෙං,හ්‍රෙඃ,හ්‍රේං,හ්‍රේඃ,හ්‍රෛං,හ්‍රෛඃ,හ්‍රොං,හ්‍රොඃ,හ්‍රෝං,හ්‍රෝඃ,හ්‍රෞං,හ්‍රෞඃ,ර්‍හ,,ර්‍හං,ර්‍හඃ,හ්‍ය ,හ්‍යා,හ්‍යු,හ්‍යූ,හ්‍යෙ,හ්‍යේ,හ්‍යො ,හ්‍යෝ ,හ්‍යං,හ්‍යඃ,හ්‍යාං,හ්‍යාඃ,හ්‍යුං,හ්‍යුඃ,හ්‍යූං,හ්‍යූඃ,හ්‍යෙං,හ්‍යෙඃ,හ්‍යේං,හ්‍යේඃ,හ්‍යොං,හ්‍යොඃ,හ්‍යෝං,හ්‍යෝඃ
ළ්,ළ,ළා,ළැ,ළෑ,ළි,ළී,ළු,ළූ,ළෘ,ළෲ,ළෟ,ළෳ,ළෙ,ළේ,ළෛ,ළො,ළෝ,ළෞ,ළං,ළඃ,ළාං,ළාඃ,ළැං,ළැඃ,ළෑං,ළෑඃ,ළිං,ළිඃ,ළීං,ළීඃ,ළුං,ළුඃ,ළූං,ළූඃ,ළෘං,ළෘඃ,ළෟං,ළෟඃ,ළෙං,ළෙඃ,ළේං,ළේඃ,ළෛං,ළෛඃ,ළොං,ළොඃ,ළෝං,ළෝඃ,ළෞං,ළෞඃ,,,,,,,,,,,,,,,,,,,,,,,,,,,,,,,,,,,,,ර්‍ළ,,ර්‍ළං,ර්‍ළඃ,ළ්‍ය ,ළ්‍යා,ළ්‍යු,ළ්‍යූ,ළ්‍යෙ,ළ්‍යේ,ළ්‍යො ,ළ්‍යෝ ,ළ්‍යං,ළ්‍යඃ,ළ්‍යාං,ළ්‍යාඃ,ළ්‍යුං,ළ්‍යුඃ,ළ්‍යූං,ළ්‍යූඃ,ළ්‍යෙං,ළ්‍යෙඃ,ළ්‍යේං,ළ්‍යේඃ,ළ්‍යොං,ළ්‍යොඃ,ළ්‍යෝං,ළ්‍යෝඃ
ෆ්,ෆ,ෆා,ෆැ,ෆෑ,ෆි,ෆී,ෆු,ෆූ,ෆෘ,ෆෲ,ෆෟ,ෆෳ,ෆෙ,ෆේ,ෆෛ,ෆො,ෆෝ,ෆෞ,ෆං,ෆඃ,ෆාං,ෆාඃ,ෆැං,ෆැඃ,ෆෑං,ෆෑඃ,ෆිං,ෆිඃ,ෆීං,ෆීඃ,ෆුං,ෆුඃ,ෆූං,ෆූඃ,ෆෘං,ෆෘඃ,ෆෟං,ෆෟඃ,ෆෙං,ෆෙඃ,ෆේං,ෆේඃ,ෆෛං,ෆෛඃ,ෆොං,ෆොඃ,ෆෝං,ෆෝඃ,ෆෞං,ෆෞඃ,ෆ්‍ර ,ෆ්‍රා  ,ෆ්‍රැ ,ෆ්‍රෑ ,ෆ්‍රි,ෆ්‍රී,ෆ්‍රෙ,ෆ්‍රේ,ෆ්‍රෛ,ෆ්‍රො,ෆ්‍රෝ,ෆ්‍රෞ,ෆ්‍රං,ෆ්‍රඃ,ෆ්‍රාං,ෆ්‍රාඃ,ෆ්‍රැං,ෆ්‍රැඃ,ෆ්‍රෑං,ෆ්‍රෑඃ,ෆ්‍රිං,ෆ්‍රිඃ,ෆ්‍රීං,ෆ්‍රීඃ,ෆ්‍රෙං,ෆ්‍රෙඃ,ෆ්‍රේං,ෆ්‍රේඃ,ෆ්‍රෛං,ෆ්‍රෛඃ,ෆ්‍රොං,ෆ්‍රොඃ,ෆ්‍රෝං,ෆ්‍රෝඃ,ෆ්‍රෞං,ෆ්‍රෞඃ,ර්‍ෆ,,ර්‍ෆං,ර්‍ෆඃ,ෆ්‍ය ,ෆ්‍යා,ෆ්‍යු,ෆ්‍යූ,ෆ්‍යෙ,ෆ්‍යේ,ෆ්‍යො ,ෆ්‍යෝ ,ෆ්‍යං,ෆ්‍යඃ,ෆ්‍යාං,ෆ්‍යාඃ,ෆ්‍යුං,ෆ්‍යුඃ,ෆ්‍යූං,ෆ්‍යූඃ,ෆ්‍යෙං,ෆ්‍යෙඃ,ෆ්‍යේං,ෆ්‍යේඃ,ෆ්‍යොං,ෆ්‍යොඃ,ෆ්‍යෝං,ෆ්‍යෝඃ
ඥ්,ඥ,ඥා,,,ඥි,ඥී,ඥු,ඥූ,ඥෘ,ඥෲ,ඥෟ,ඥෳ,ඥෙ,ඥේ,ඥෛ,ඥො,ඥෝ,ඥෞ,ඥං,ඥඃ,ඥාං,ඥාඃ ,ඥැං,ඥැඃ,ඥෑං,ඥෑඃ,ඥිං,ඥිඃ,ඥීං,ඥීඃ,ඥුං,ඥුඃ,ඥූං,ඥූඃ,ඥෘං,ඥෘඃ,ඥෟං,ඥෟඃ,ඥෙං,ඥෙඃ,ඥේං,ඥේඃ,ඥෛං,ඥෛඃ,ඥොං,ඥොඃ,ඥෝං,ඥෝඃ,ඥෞං,ඥෞඃ,ඥ්‍ර ,ඥ්‍රා  ,ඥ්‍රැ ,ඥ්‍රෑ ,ඥ්‍රි,ඥ්‍රී,ඥ්‍රෙ,ඥ්‍රේ,ඥ්‍රෛ,ඥ්‍රො,ඥ්‍රෝ,ඥ්‍රෞ,ඥ්‍රං,ඥ්‍රඃ,ඥ්‍රාං,ඥ්‍රාඃ,ඥ්‍රැං,ඥ්‍රැඃ,ඥ්‍රෑං,ඥ්‍රෑඃ,ඥ්‍රිං,ඥ්‍රිඃ,ඥ්‍රීං,ඥ්‍රීඃ,ඥ්‍රෙං,ඥ්‍රෙඃ,ඥ්‍රේං,ඥ්‍රේඃ,ඥ්‍රෛං,ඥ්‍රෛඃ,ඥ්‍රොං,ඥ්‍රොඃ,ඥ්‍රෝං,ඥ්‍රෝඃ,ඥ්‍රෞං,ඥ්‍රෞඃ,ර්‍ඥ,,ර්‍ඥං,ර්‍ඥඃ,ඥ්‍ය ,ඥ්‍යා,ඥ්‍යු,ඥ්‍යූ,ඥ්‍යෙ,ඥ්‍යේ,ඥ්‍යො,ඥ්‍යෝ,ඥ්‍යං,ඥ්‍යඃ,ඥ්‍යාං,ඥ්‍යාඃ,ඥ්‍යුං,ඥ්‍යුඃ,ඥ්‍යූං,ඥ්‍යූඃ,ඥ්‍යෙං,ඥ්‍යෙඃ,ඥ්‍යේං,ඥ්‍යේඃ,ඥ්‍යොං,ඥ්‍යොඃ,ඥ්‍යෝං,ඥ්‍යෝඃ
,,,,,,,,,,,,,,,,,,,,,,,,,,,,,,,,,,,,,,,,,,,,,,,,,,,,,,,,,,,,,,,,,,,,,,,,,,,,,,,,,,,,,,,,,,,,,,,,,,,,,,,,,,,,,,,,,,
Basic permutations per consonant set,,,,,,,,,,,,,,,,,,,Basic Permutations with ං and ඃ,,,,,,,,,,,,,,,,,,,,,,,,,,,,,,,,Raakaransaya (lower half circle swirl),,,,,,,,,,,,Raakaransaya (lower half circle swirl) with ං and ඃ,,,,,,,,,,,,,,,,,,,,,,,,Repay,,Repayer with ං and ඃ,,Yansayer,,,,,,,,Yansayer with ං and ඃ,,,,,,,,,,,,,,,
